-- phpMyAdmin SQL Dump
-- version 5.2.1
-- https://www.phpmyadmin.net/
--
-- Host: 127.0.0.1
-- Waktu pembuatan: 16 Feb 2026 pada 10.29
-- Versi server: 10.4.32-MariaDB
-- Versi PHP: 8.2.12

SET SQL_MODE = "NO_AUTO_VALUE_ON_ZERO";
START TRANSACTION;
SET time_zone = "+00:00";


/*!40101 SET @OLD_CHARACTER_SET_CLIENT=@@CHARACTER_SET_CLIENT */;
/*!40101 SET @OLD_CHARACTER_SET_RESULTS=@@CHARACTER_SET_RESULTS */;
/*!40101 SET @OLD_COLLATION_CONNECTION=@@COLLATION_CONNECTION */;
/*!40101 SET NAMES utf8mb4 */;

--
-- Database: `kantin_sekolah`
--

-- --------------------------------------------------------

--
-- Struktur dari tabel `detail_pesanan`
--

CREATE TABLE `detail_pesanan` (
  `id_detail` int(11) NOT NULL,
  `id_pesanan` int(11) DEFAULT NULL,
  `id_menu` int(11) DEFAULT NULL,
  `jumlah` int(11) DEFAULT NULL,
  `subtotal` int(11) DEFAULT NULL
) ENGINE=InnoDB DEFAULT CHARSET=utf8mb4 COLLATE=utf8mb4_general_ci;

--
-- Dumping data untuk tabel `detail_pesanan`
--

INSERT INTO `detail_pesanan` (`id_detail`, `id_pesanan`, `id_menu`, `jumlah`, `subtotal`) VALUES
(1, 1, 1, 1, 12000),
(2, 1, 1, 1, 12000),
(3, 2, 1, 1, 12000),
(4, 4, 2, 1, 10000);

-- --------------------------------------------------------

--
-- Struktur dari tabel `menu`
--

CREATE TABLE `menu` (
  `id_menu` int(11) NOT NULL,
  `nama_menu` varchar(100) DEFAULT NULL,
  `harga` int(11) DEFAULT NULL,
  `gambar` varchar(255) DEFAULT NULL
) ENGINE=InnoDB DEFAULT CHARSET=utf8mb4 COLLATE=utf8mb4_general_ci;

--
-- Dumping data untuk tabel `menu`
--

INSERT INTO `menu` (`id_menu`, `nama_menu`, `harga`, `gambar`) VALUES
(1, 'Nasi Goreng', 12000, 'nasgor.jpg'),
(2, 'Mie Goreng', 10000, 'mie.jpg'),
(3, 'Ayam Geprek', 15000, 'ayam.jpg'),
(4, 'Es Teh', 3000, 'esteh.jpg'),
(6, 'Es Campur', 10000, 'escampur.jpg');

-- --------------------------------------------------------

--
-- Struktur dari tabel `pesanan`
--

CREATE TABLE `pesanan` (
  `id_pesanan` int(11) NOT NULL,
  `id_user` int(11) DEFAULT NULL,
  `tanggal` datetime DEFAULT current_timestamp(),
  `status` varchar(20) DEFAULT NULL
) ENGINE=InnoDB DEFAULT CHARSET=utf8mb4 COLLATE=utf8mb4_general_ci;

--
-- Dumping data untuk tabel `pesanan`
--

INSERT INTO `pesanan` (`id_pesanan`, `id_user`, `tanggal`, `status`) VALUES
(1, 2, '2026-02-16 14:53:02', 'Selesai'),
(2, 1, '2026-02-16 15:04:10', 'Selesai'),
(3, 1, '2026-02-16 15:05:07', 'Selesai'),
(4, 1, '2026-02-16 15:06:47', 'Selesai');

-- --------------------------------------------------------

--
-- Struktur dari tabel `users`
--

CREATE TABLE `users` (
  `id_user` int(11) NOT NULL,
  `nama` varchar(50) DEFAULT NULL,
  `username` varchar(50) DEFAULT NULL,
  `password` varchar(255) DEFAULT NULL,
  `role` enum('admin','siswa') DEFAULT NULL
) ENGINE=InnoDB DEFAULT CHARSET=utf8mb4 COLLATE=utf8mb4_general_ci;

--
-- Dumping data untuk tabel `users`
--

INSERT INTO `users` (`id_user`, `nama`, `username`, `password`, `role`) VALUES
(1, 'Admin', 'admin', '0192023a7bbd73250516f069df18b500', 'admin'),
(2, 'Budi', 'budi', '202cb962ac59075b964b07152d234b70', 'siswa');

--
-- Indexes for dumped tables
--

--
-- Indeks untuk tabel `detail_pesanan`
--
ALTER TABLE `detail_pesanan`
  ADD PRIMARY KEY (`id_detail`);

--
-- Indeks untuk tabel `menu`
--
ALTER TABLE `menu`
  ADD PRIMARY KEY (`id_menu`);

--
-- Indeks untuk tabel `pesanan`
--
ALTER TABLE `pesanan`
  ADD PRIMARY KEY (`id_pesanan`);

--
-- Indeks untuk tabel `users`
--
ALTER TABLE `users`
  ADD PRIMARY KEY (`id_user`);

--
-- AUTO_INCREMENT untuk tabel yang dibuang
--

--
-- AUTO_INCREMENT untuk tabel `detail_pesanan`
--
ALTER TABLE `detail_pesanan`
  MODIFY `id_detail` int(11) NOT NULL AUTO_INCREMENT, AUTO_INCREMENT=5;

--
-- AUTO_INCREMENT untuk tabel `menu`
--
ALTER TABLE `menu`
  MODIFY `id_menu` int(11) NOT NULL AUTO_INCREMENT, AUTO_INCREMENT=7;

--
-- AUTO_INCREMENT untuk tabel `pesanan`
--
ALTER TABLE `pesanan`
  MODIFY `id_pesanan` int(11) NOT NULL AUTO_INCREMENT, AUTO_INCREMENT=5;

--
-- AUTO_INCREMENT untuk tabel `users`
--
ALTER TABLE `users`
  MODIFY `id_user` int(11) NOT NULL AUTO_INCREMENT, AUTO_INCREMENT=3;
COMMIT;

/*!40101 SET CHARACTER_SET_CLIENT=@OLD_CHARACTER_SET_CLIENT */;
/*!40101 SET CHARACTER_SET_RESULTS=@OLD_CHARACTER_SET_RESULTS */;
/*!40101 SET COLLATION_CONNECTION=@OLD_COLLATION_CONNECTION */;
